[root@ip-10-2-11-7 ~]# mysql -h database-2-replica.cv2xdyquhd8j.us-west-2.rds.amazonaws.com -u admin -p
Enter password:
Welcome to the MySQL monitor.  Commands end with ; or \g.
Your MySQL connection id is 13
Server version: 5.7.22 Source distribution


Oracle is a registered trademark of Oracle Corporation and/or its
affiliates. Other names may be trademarks of their respective
owners.

Type 'help;' or '\h' for help. Type '\c' to clear the current input statement.

mysql> use udacity
Reading table information for completion of table and column names
You can turn off this feature to get a quicker startup with -A

Database changed
mysql> INSERT INTO user (id,name,email) VALUES(4,"hungpv18","hungpv18@abc.com");
ERROR 1290 (HY000): The MySQL server is running with the --read-only option so it cannot execute this statement
mysql> SELECT * FROM user;
+------+---------+-------------------+
| id   | name    | email             |
+------+---------+-------------------+
|    1 | hungpv15 | hungpv15@fpt.com |
|    2 | hungpv16 | hungpv16@fpt.com |
|    3 | hungpv17 | hungpv17@fpt.com |
+------+---------+-------------------+
3 rows in set (0.01 sec)

mysql> INSERT INTO user (id,name,email) VALUES(4,"hungpv18","hungpv18@abc.com");
ERROR 1290 (HY000): The MySQL server is running with the --read-only option so it cannot execute this statement
mysql> INSERT INTO user (id,name,email) VALUES(4,"hungpv18","hungpv18@abc.com");
ERROR 2006 (HY000): MySQL server has gone away
No connection. Trying to reconnect...
Connection id:    5
Current database: udacity

Query OK, 1 row affected (0.06 sec)

mysql> SELECT * FROM user;
+------+---------+-------------------+
| id   | name    | email             |
+------+---------+-------------------+
|    1 | hungpv15 | hungpv15@fpt.com |
|    2 | hungpv16 | hungpv16@fpt.com |
|    3 | hungpv17 | hungpv17@fpt.com |
|    4 | hungpv18 | hungpv18@abc.com |
+------+---------+-------------------+
4 rows in set (0.00 sec)
